Gene.refGene,score
CREBBP,0.710617755
LAMP2,0.707675628
MYH9,0.695891087
GPC3,0.690974716
FERMT1,0.689861453
LRP5,0.687677995
PDE6A,0.687417623
KCNA1,0.685912964
SLC22A5,0.685494536
PNKD,0.683846175
MMP2,0.683021995
MITF,0.681923087
SGCD,0.681648361
PNP,0.681648361
POLH,0.681648361
AKT2,0.681648361
CIITA,0.681373634
CAV3,0.681098907
SCN1B,0.680549454
CYP1B1,0.680274727
RPGR,0.680274727
NEUROD1,0.68
CYP27A1,0.68
PDX1,0.68
SSX1,0.68
UROD,0.68
TAZ,0.647759394
TGFB1,0.630957994
CETP,0.618377984
ADGRG1,0.614177214
RASA1,0.610620121
CACNA1F,0.608791257
SMS,0.60686817
CUBN,0.60686817
ABCC9,0.606737145
GRK1,0.606593443
AXIN1,0.606318716
FUCA1,0.606015278
HSD3B2,0.605363511
ANO5,0.604945082
DDX11,0.604670355
XDH,0.604395629
SLC34A2,0.604055389
SMARCA2,0.603296721
SHH,0.603296721
ND4L,0.603282366
CYTB,0.603231209
RFXANK,0.603021995
CHST14,0.602747268
SPINT2,0.602747268
OCLN,0.602681755
TMEM67,0.602472541
SLC30A10,0.601923087
SDHA,0.601923087
UBA1,0.601923087
SECISBP2,0.601923087
KHK,0.601648361
DSPP,0.601373634
UROC1,0.601373634
SLC36A2,0.601373634
SLC1A3,0.601098907
NHEJ1,0.601098907
KITLG,0.601098907
KL,0.601098907
OPN1LW,0.601007332
MYH2,0.601007332
MYH7,0.601007332
HADH,0.60082418
ACADSB,0.60082418
POMGNT1,0.60082418
SLC25A3,0.60082418
RANBP2,0.60082418
KCTD7,0.60082418
COL17A1,0.600549454
MASP2,0.600549454
MMAA,0.600549454
CYP24A1,0.600549454
AARS,0.600549454
TSFM,0.600549454
ORAI1,0.600549454
PLOD3,0.600549454
LHX4,0.600549454
AIFM1,0.600549454
YARS,0.600549454
SLC4A4,0.600549454
SLC25A12,0.600549454
SLC25A22,0.600549454
BPGM,0.600549454
SEC23A,0.600274727
HLA-B,0.600274727
TNF,0.600274727
PPOX,0.600274727
ACVR1,0.600274727
RXFP2,0.600274727
LIPA,0.600274727
MKS1,0.600274727
PAFAH1B1,0.600274727
FLT4,0.600274727
GRHPR,0.600274727
DRD2,0.6
HSPG2,0.6
GRN,0.6
HPSE2,0.6
COCH,0.6
NPHP3,0.6
GPSM2,0.6
TGFBR1,0.6
PRPF3,0.6
PRKAR1A,0.6
CDH23,0.6
SLC35D1,0.6
IFT140,0.6
FERMT3,0.6
DOK7,0.6
ANK1,0.6
GSK3B,0.6
MAOA,0.6
PINK1,0.6
CDKL5,0.6
CNTNAP2,0.6
MTO1,0.6
GNMT,0.6
GJA3,0.6
GFI1,0.6
ZNF335,0.6
MBD5,0.6
AHI1,0.6
TRIP11,0.6
FOXN1,0.6
JUP,0.6
PAX7,0.58
FN1,0.58
ABCA1,0.561161214
VAPA,0.561161214
GGT1,0.541236271
SDHC,0.541236271
COL11A1,0.540961544
MANEA,0.540961544
NEFL,0.54082418
TUBB2B,0.54082418
ATP8A2,0.54082418
RAP1GAP,0.54082418
ABCA12,0.54082418
PLA2G4A,0.54082418
CLDN16,0.540137363
NCOR1,0.540137363
PEPD,0.534981694
CXCR4,0.534981694
SFN,0.534981694
ROBO3,0.531056721
CLN6,0.531056721
VPS39,0.531056721
HLA-DRB1,0.513708169
ATP2A2,0.507070251
MYH3,0.507070251
TBP,0.507070251
ALDH3A1,0.507070251
ACAT1,0.504597665
DUX4L1,0.504597665
HTR2A,0.50255295
COL4A1,0.500961544
TRIM5,0.500961544
BAG3,0.500274727
SST,0.500274727
FOXG1,0.500274727
PICK1,0.500274727
PPP1R3A,0.500137363
RAI1,0.500137363
NOX1,0.500137363
MIR615,0.500137363
ERCC8,0.5
CASP8,0.5
FBXL19,0.5
PYHIN1,0.5
CTNS,0.499147035
PAPSS2,0.499147035
NPC1,0.499147035
BTNL2,0.49819215
SCN2A,0.497502646
TNXB,0.495796304
ADAMTSL2,0.495796304
NDUFV2,0.494624353
SERPINA6,0.489318689
CSF3R,0.489318689
KIF22,0.489318689
SLC6A5,0.489318689
RPS14,0.483296721
BBS10,0.483021995
RPGRIP1,0.482472541
CD2AP,0.482472541
AMT,0.482197814
SLC2A9,0.481923087
EMX2,0.481923087
STAT4,0.481373634
SIX5,0.481373634
ARL11,0.481098907
FAM161A,0.481098907
IGF1,0.48082418
PQBP1,0.480549454
HOXB13,0.480549454
LIN28B,0.480549454
CARD14,0.480549454
ASXL1,0.480549454
OVOL2,0.480274727
SPATA7,0.480274727
POT1,0.480137363
NDUFAF5,0.480137363
HMGCL,0.48
BMS1,0.48
ALOXE3,0.48
AGK,0.48
PIK3R1,0.48
ORC6,0.48
COL5A1,0.48
TAF2,0.48
VRK1,0.48
SNCA,0.474692322
ARSB,0.474692322
RDH12,0.474692322
CXCL8,0.474692322
PEX26,0.474592531
GPR143,0.47273089
B4GALT7,0.47273089
NRXN2,0.47273089
SUCLA2,0.470274727
S100A10,0.470274727
PCDH11Y,0.470274727
SLC52A3,0.46794394
TSEN54,0.46794394
GLDC,0.46794394
BAZ1B,0.46794394
IL13,0.46794394
BAD,0.46794394
UHRF1BP1,0.46794394
FOSB,0.46794394
CPT2,0.467490847
BCL6,0.467490847
PRCC,0.467490847
HNF4A,0.465237297
IRF6,0.459636931
AGA,0.459636931
PLAG1,0.459636931
KIF1BP,0.45610664
SARS2,0.45610664
SOX10,0.455847041
NOD2,0.455847041
GUCA1A,0.455847041
RETN,0.455847041
TIMP1,0.455847041
PEX13,0.452704476
TSC2,0.452413023
BBS12,0.452004978
SRPX2,0.452004978
FGFR1,0.450618135
ADH1B,0.450618135
RAC1,0.450618135
BTD,0.449698512
FKTN,0.447638061
GBE1,0.447630883
MTM1,0.447547809
ATP1A2,0.447388912
NME8,0.447388912
F12,0.445617544
ABCG5,0.443950782
LBR,0.443846175
HTRA1,0.443557093
RPL11,0.443557093
PPARG,0.443226375
ENPP2,0.443226375
LRP4,0.443159358
FIG4,0.443126602
SH3PXD2B,0.442989238
FZD4,0.442609904
SPAST,0.442472541
FBXO7,0.442181841
SLC6A3,0.442181841
SLC11A1,0.442181841
TRIM32,0.441923087
INS,0.441890331
FLNA,0.441785724
MGAT2,0.441648361
CTSD,0.44150382
SLC27A4,0.441236271
LHX3,0.441236271
MCPH1,0.441236271
INVS,0.440961544
FA2H,0.440961544
KLKB1,0.44082418
DCLRE1C,0.44082418
SLC12A1,0.440686817
PHKA1,0.440686817
STAT3,0.440549454
SPTB,0.440549454
VANGL2,0.440549454
PTS,0.44041209
COX6B1,0.440384617
THADA,0.440384617
TIRAP,0.440384617
ARL6IP5,0.440384617
CLDN3,0.440384617
ITGA2B,0.440274727
IRS1,0.440274727
RS1,0.440137363
DLG2-AS1,0.440137363
EZH2,0.431144301
SERPINE1,0.431144301
SGIP1,0.431144301
ACADS,0.430686423
JUN,0.430686423
MC4R,0.430555374
ACE2,0.430555374
AP3B1,0.42876812
SPG25,0.42876812
ZFPM2,0.428567917
RASGRP3,0.428567917
HOXD13,0.428201614
ANKRD55,0.428201614
COL3A1,0.428040301
TAT,0.428040301
IHH,0.427857149
SIRPB1,0.427857149
CP,0.427490847
MLH3,0.427490847
F2RL1,0.427490847
CLDN14,0.427124545
LCE3B,0.427124545
RHD,0.427124545
DNAJC5,0.426849818
IL4R,0.426849818
IQCB1,0.426849818
CAPN3,0.423743152
SELENON,0.423743152
RAB3GAP2,0.423743152
AURKA,0.423743152
CDKN3,0.423743152
SUMF1,0.421971802
OTX2,0.421971802
RAPSN,0.420618135
ETFA,0.420618135
ADH7,0.420618135
CRYAA,0.420206045
SERPINA1,0.420206045
LTBP2,0.420206045
IL17RA,0.420206045
GRIA2,0.420206045
HOXD11,0.420206045
DPYD,0.419309488
HMX1,0.419309488
TRHR,0.419309488
ALAS2,0.418044922
TFR2,0.417593415
QDPR,0.417593415
LOXL2,0.417593415
F2,0.415893585
MCM6,0.415893585
POMT1,0.414453927
MPI,0.414453927
FTL,0.413623715
CPT1A,0.412684465
KRT17,0.412684465
ACVRL1,0.412684465
HTR3C,0.412684465
TGFB2,0.412044912
CLPB,0.411813252
WNT10B,0.410410907
TIMP3,0.409221977
OPA3,0.409221977
SPIB,0.409221977
C1D,0.409221977
DMPK,0.408711389
SPG7,0.408659344
KCNQ2,0.408659344
MPC2,0.408659344
SPATA5,0.408502175
DLX5,0.408385505
CYP2C19,0.407887209
ARHGEF9,0.407670817
XPC,0.407442362
LIAS,0.407403268
SLC35A1,0.407337755
COG5,0.407221086
VPS45,0.40686817
SLC46A1,0.406597249
ND5,0.406597249
SOS1,0.406597249
REST,0.406597249
ACTB,0.406597249
ZIC3,0.406597249
SERPINB3,0.406597249
CERS6,0.406597249
RAB27A,0.406134241
SCN4B,0.406029634
TSEN2,0.405859514
TRPM8,0.405859514
GATA6,0.405219809
IDH3B,0.404937904
ATP2A1,0.404912326
SCN9A,0.404807719
IGLL1,0.404604843
DLAT,0.404348517
MIR137,0.404348517
CYP19A1,0.404251087
RBCK1,0.40424391
USH1C,0.40424391
NDUFAF3,0.40383182
IFT172,0.403780662
TTLL5,0.403571448
GLRB,0.403557093
EPG5,0.403296721
EPAS1,0.403296721
SERAC1,0.403282366
TMEM126A,0.403021995
CD79B,0.403007639
HSD17B3,0.402884631
HSPB3,0.402747268
COG1,0.402747268
PDE4D,0.402472541
ALG1,0.402335178
PLAU,0.402197814
KCNMB1,0.402197814
SRR,0.401923087
NPY5R,0.401923087
FLNB,0.401923087
ATG16L1,0.401778546
CD44,0.401648361
RUNX1T1,0.401648361
ANXA1,0.401648361
CSMD1,0.401648361
RECQL4,0.401648361
CHST3,0.401648361
DARS2,0.401648361
ESR2,0.401641183
GDF15,0.401641183
RPGRIP1L,0.401510997
JAGN1,0.401510997
NOP56,0.401510997
CD3D,0.401478241
TRERF1,0.401478241
ADIPOR1,0.401373634
HPS1,0.401373634
LCA5,0.401373634
FOS,0.401373634
HOXB8,0.401373634
MARVELD2,0.401373634
MCAM,0.401373634
DEF6,0.401373634
NPC2,0.401366456
AP1S2,0.401366456
C2orf71,0.401340878
MUSK,0.401304952
MYO15A,0.401304952
CHUK,0.401203514
MOGS,0.401098907
ABCB1,0.401098907
ICAM1,0.401098907
WWTR1,0.401098907
CLIC1,0.401098907
PYGL,0.401098907
ACVR2B,0.401098907
LRIT3,0.401098907
CYP2C9,0.401098907
CRYGS,0.401098907
PALB2,0.401098907
IL12B,0.401098907
NPSR1,0.401098907
AMACR,0.40107707
CXCL9,0.40107707
TBX4,0.400961544
MAP6,0.400961544
SPOAN,0.400961544
RIPK4,0.40082418
PRDM1,0.40082418
NTSR1,0.40082418
STIM1,0.40082418
H19,0.40082418
ZFP57,0.40082418
GRM2,0.40082418
LCT,0.40082418
CHRNA7,0.40082418
IRGM,0.40082418
ASPN,0.40082418
TNFRSF8,0.40082418
EZR,0.40082418
HLA-DPB1,0.40082418
KIAA0319,0.40082418
PLIN1,0.40082418
BLK,0.40082418
CNDP1,0.40082418
RUNX3,0.40082418
CD209,0.40082418
DGUOK,0.400686817
TUBA1A,0.400686817
PCM1,0.400686817
MUTYH,0.400686817
OSMR,0.400686817
POMT2,0.400686817
MTNR1B,0.400686817
CCR4,0.400686817
PDYN,0.400549454
KANSL1,0.400549454
ND2,0.400549454
DMGDH,0.400549454
KARS,0.400549454
RAG1,0.400549454
APOA1,0.400549454
HDAC5,0.400549454
VCAM1,0.400549454
SCGB3A2,0.400549454
USP9Y,0.400549454
MALAT1,0.400549454
GABRA5,0.400549454
GSDMB,0.400549454
PTGDR2,0.400549454
BTBD9,0.400549454
IBD5,0.400549454
CLDN5,0.400549454
LINGO1,0.400549454
MMP7,0.400549454
NLRP7,0.400549454
FIP1L1,0.400549454
GABRA6,0.400549454
MEIS1,0.400549454
CNBP,0.400549454
CNTF,0.400549454
DGKH,0.400549454
SREBF1,0.400549454
IRF4,0.400549454
CD274,0.400549454
MSR1,0.400457878
PER3,0.400457878
CD6,0.400457878
GATA1,0.40041209
AP2S1,0.40041209
SLC5A5,0.40041209
TBXAS1,0.40041209
ERCC2,0.40041209
USF1,0.40041209
BFSP2,0.40041209
SLC2A4,0.400274727
GALC,0.400274727
BCL2,0.400274727
ADAMTS13,0.400274727
CBS,0.400274727
GTF2I,0.400274727
GJA8,0.400274727
ENAM,0.400274727
USH1G,0.400274727
CCL17,0.400274727
ASIP,0.400274727
TAAR6,0.400274727
SSTR2,0.400274727
BLMH,0.400274727
TFPI2,0.400274727
IPO5,0.400274727
HMGCR,0.400274727
YWHAH,0.400274727
MUC7,0.400274727
RNF213,0.400274727
GJA4,0.400274727
HSPA5,0.400274727
FOLH1,0.400274727
ADCYAP1,0.400274727
OLR1,0.400274727
GAPDHS,0.400274727
AREG,0.400274727
ST8SIA2,0.400274727
ATF3,0.400274727
CR2,0.400274727
BAALC,0.400274727
TNIP1,0.400274727
LMO2,0.400274727
CDH13,0.400274727
KLK10,0.400274727
TIMELESS,0.400274727
NLGN1,0.400274727
UFD1L,0.400274727
GRK2,0.400274727
HSPA1L,0.400274727
MIR31,0.400274727
DLK1,0.400274727
TRAF6,0.400274727
AFF3,0.400274727
FGF21,0.400274727
PLA2G2A,0.400274727
ENO1,0.400274727
HTATIP2,0.400274727
MDM4,0.400274727
PPP1R9B,0.400274727
GPR50,0.400274727
GABRA3,0.400274727
FYN,0.400274727
GYPA,0.400274727
MICA,0.400274727
KRT20,0.400274727
SLC1A5,0.400274727
MMEL1,0.400274727
SULT4A1,0.400274727
BCL11B,0.400274727
GRB7,0.400274727
CDY1,0.400274727
L2HGDH,0.400137363
EIF2B5,0.400137363
MGP,0.400137363
KLHL3,0.400137363
ADGRV1,0.400137363
CHAT,0.400137363
HR,0.400137363
HSD17B1,0.400137363
IL3RA,0.400137363
GRIN1,0.400137363
KLRK1,0.400137363
MIR21,0.400137363
HCAR2,0.400137363
GSC,0.400137363
APCS,0.400137363
IFNAR2,0.400137363
IDDM4,0.400137363
SPTBN2,0.400091576
ADH5,0.400091576
TPT1,0.400091576
EOGT,0.400091576
GSTM2,0.400091576
AUTS5,0.4
TOX3,0.4
ASTN2,0.4
ARID5B,0.4
WIPF1,0.4
HMMR,0.4
GCNT1,0.4
TXNRD1,0.4
ATF5,0.4
DKK4,0.4
SORCS2,0.4
PRKCA,0.4
CACNA1B,0.4
FAM175A,0.4
OPRL1,0.4
C2CD4B,0.4
HRH2,0.4
ACOXL,0.4
PLCG1,0.4
IL18RAP,0.4
PLA2G4D,0.4
PHACTR1,0.4
CELIAC2,0.4
DYX8,0.4
ESRRA,0.4
NTS,0.4
PTK2B,0.4
KEAP1,0.4
DMBT1,0.4
SEMA5A,0.4
MIR10B,0.4
MAP3K5,0.4
ARVCF,0.4
MIR30E,0.4
DYX1,0.4
THBS1,0.4
CSTA,0.4
CLCA4,0.4
UBE2E2,0.4
MYT1L,0.4
CNTN4,0.4
CSF1,0.4
RAD21,0.4
U2AF1,0.4
DNM1,0.4
SLC15A4,0.4
CCR3,0.4
PBRM1,0.4
STX17,0.4
ITGAX,0.4
INPP1,0.4
NRN1,0.4
PNOC,0.4
KDM6A,0.4
WNT5B,0.4
TDO2,0.4
SLIT3,0.4
SCG5,0.4
CTSL,0.4
MAP3K8,0.4
LEF1,0.4
KDSR,0.4
SYT11,0.4
FGF1,0.4
FCER1A,0.4
DNAL1,0.4
RTP3,0.4
PRDX6,0.4
ALDH1A2,0.4
IGFBP2,0.4
HTR1D,0.4
ZNF699,0.4
KCNJ8,0.4
PAK2,0.4
LPP,0.4
LTA4H,0.4
C15orf53,0.4
MUC3A,0.4
NR2E1,0.4
CMA1,0.4
C1QTNF6,0.4
PLA2G4C,0.4
DKK2,0.4
GFRA2,0.4
PIGR,0.4
SAT1,0.4
PVR,0.4
CD9,0.4
EIF3H,0.4
TRIM63,0.4
MYO18B,0.4
MIA,0.4
UXT,0.4
GREB1,0.4
LAMB1,0.4
PRKACB,0.4
BCL2A1,0.4
RRAD,0.4
SOX4,0.4
TK1,0.4
CEBPD,0.4
TRNF,0.4
B4GALT1,0.4
EPHA1,0.4
PIWIL4,0.4
CHRNB3,0.4
OSBPL5,0.4
ARHGAP18,0.4
ENTPD4,0.4
SLC39A3,0.4
SEZ6L2,0.4
USP46,0.4
SSTR5,0.4
XRCC4,0.4
M6PR,0.4
CYSLTR1,0.4
IFNA5,0.4
RBL2,0.4
PLEKHG1,0.4
BID,0.4
ATF7IP,0.4
ATOH1,0.4
ANKRD26,0.4
HTR1F,0.4
SLCO2A1,0.4
CCDC39,0.4
PSORS9,0.4
SPTAN1,0.4
RSPH9,0.4
DNAH8,0.4
CUX1,0.4
COX8A,0.4
ARTN,0.4
SLCO1B3,0.4
CYFIP1,0.4
FKBP4,0.4
AAT1,0.4
GPC4,0.4
SLC52A2,0.4
SEPSECS,0.4
EJM2,0.4
ZC3HC1,0.4
ADA2,0.4
DLGAP1,0.4
CD247,0.4
PTPN5,0.4
MFSD2A,0.4
TNFRSF10B,0.4
SETDB1,0.4
SNCAIP,0.4
SETD1A,0.4
TBKBP1,0.4
NDST3,0.4
MED23,0.4
B3GNT2,0.4
RACK1,0.4
TACC3,0.4
CRYZ,0.4
LINC00271,0.4
ERVK-18,0.4
TRIB1,0.4
AP3S2,0.4
PLK1,0.4
BGLAP,0.4
BCL9,0.4
EIF2AK2,0.4
WDR11,0.4
PTPRB,0.4
TRAF3,0.4
NELFA,0.4
CXCL1,0.4
RHOB,0.4
LGALS1,0.4
STMN1,0.4
SLC6A19,0.397815473
PRPF8,0.397815473
TCF12,0.397815473
SMCHD1,0.391030225
TNFSF15,0.391030225
UCP2,0.391030225
ABCC8,0.390343408
CHFR,0.390343408
CASC4,0.390343408
SKI,0.388837382
ROM1,0.388837382
ADAM9,0.388837382
LONP1,0.388837382
WDPCP,0.388837382
PPP2R5D,0.388837382
KLK5,0.388837382
CD226,0.388837382
AK2,0.388728081
FAM126A,0.388728081
ACAN,0.388728081
RFT1,0.388728081
PIP5K1C,0.388728081
FSHB,0.388728081
TRPM2,0.388728081
LASP1,0.388728081
KIF2A,0.388728081
EGR2,0.388509744
FGF10,0.388509744
SC5D,0.388509744
SLC35C1,0.388509744
TRMU,0.388509744
MLYCD,0.388509744
ANK2,0.388509744
PLSCR4,0.388509744
8-Mar,0.388509744
GGCX,0.388079513
POU1F1,0.388079513
FLT3,0.388079513
SIGMAR1,0.388079513
ADH1A,0.388079513
TAF1,0.38686817
USH1E,0.38686817
TBX5,0.386067168
HEXB,0.386067168
FASLG,0.386067168
AGGF1,0.384502641
TNFRSF4,0.384502641
RNR2,0.384502641
ANKH,0.382540294
SFTPA2,0.382540294
GYG1,0.382540294
PSAT1,0.382540294
TFE3,0.382540294
LIPE,0.382540294
ANXA7,0.382540294
POFUT1,0.382527596
GCH1,0.382173584
ENO3,0.382173584
PACS1,0.382173584
PDGFRA,0.380966075
COL6A2,0.379950324
CHMP4B,0.379950324
ADAMTS1,0.379950324
EPHA8,0.379950324
SMAD4,0.379443752
VARS2,0.379443752
SERPING1,0.378676126
KRT6C,0.378676126
SLEN3,0.378676126
NLGN3,0.378326024
IL4,0.378326024
GPI,0.377948957
KIR3DL1,0.377948957
CHGA,0.377948957
CUL3,0.376164836
KIAA1549,0.376164836
CXCL5,0.376164836
PIK3R2,0.376164836
LPL,0.375342924
PIKFYVE,0.375342924
RAF1,0.375342924
MIR34B,0.375342924
OSM,0.375342924
BHD,0.375342924
COL10A1,0.375270546
JAG2,0.375270546
KRT1,0.374446366
CAMK2B,0.374446366
HGD,0.37416225
FOXO1,0.373011228
GLO1,0.373011228
CHRNA1,0.372880699
COL18A1,0.372880699
SLC6A17,0.372880699
ROBO1,0.372880699
F8,0.372512361
UNC13A,0.372512361
QPCT,0.372512361
KCNV2,0.371648361
RIMS1,0.371648361
TBX22,0.371579679
OPRK1,0.371579679
FOXE3,0.370961544
PAK1,0.370961544
SEC24C,0.370961544
MC2R,0.370927203
NYX,0.370927203
TMEM106B,0.370927203
ADCYAP1R1,0.370927203
CNC2,0.370927203
GPC5,0.368535776
RAG2,0.368412021
RP1,0.368412021
ALX4,0.368412021
CASP10,0.368412021
P2RX7,0.368412021
TRAPPC2,0.368412021
SERPINA10,0.368412021
IPW,0.368412021
NHLRC1,0.367677995
DNM2,0.367137552
LMAN1,0.366970819
TNNT1,0.366970819
MYOD1,0.366970819
FADD,0.366970819
CRHR2,0.366970819
PPM1D,0.366970819
PCDH11X,0.366970819
KRT6A,0.36629479
AMELX,0.36629479
FGB,0.366260686
ADH6,0.366260686
NBEAL2,0.365935191
ATXN8,0.365935191
SPAG1,0.365935191
CFC1,0.365935191
PRKCZ,0.365935191
LMAN2L,0.365935191
ALDH5A1,0.365698965
RGR,0.365659372
COLEC11,0.365659372
IMMP2L,0.365659372
ZAP70,0.36539339
PDGFRL,0.36539339
KRT5,0.365253561
TRPM1,0.365253561
CHRNB2,0.365253561
PON1,0.365253561
GPD1,0.365253561
MTMR14,0.363827034
MSS51,0.363827034
OCA2,0.363653454
PAX2,0.363571448
BUB1B,0.363296721
MAT1A,0.362380965
HNF1B,0.362106239
SLC4A11,0.361373634
SF3B1,0.361368849
ABCC4,0.361368849
WNT7A,0.361282058
ABCA4,0.361168645
PHOX2A,0.361168645
KIAA1462,0.361168645
HK1,0.36107707
SPG21,0.36082418
NOS1,0.36082418
CYP2D6,0.36082418
DCANP1,0.36082418
TECPR2,0.36082418
F13A1,0.360656473
PRSS12,0.360656473
LGR5,0.360656473
SPR,0.360641029
ACTA1,0.360641029
CD40LG,0.360549454
CTSC,0.360457878
LTBP4,0.360366302
ZEB2,0.360219781
ARHGAP31,0.360219781
NUFIP2,0.360219781
MCFD2,0.360183151
MAP2,0.360183151
CNGA3,0.360091576
COA3,0.360091576
HPGD,0.359695615
SLC17A8,0.359695615
ETV6,0.359695615
C19orf12,0.359695615
TPM1,0.359695615
TREH,0.359695615
CTSF,0.359695615
PPP1R1B,0.359695615
MID2,0.359695615
ALDH7A1,0.358709176
CD320,0.358709176
EN2,0.358709176
STX6,0.358709176
WDR34,0.358709176
NNT,0.358709176
CYP21A2,0.357837161
TPM2,0.356979771
FLNC,0.356979771
GRID1,0.356979771
PSORS4,0.356979771
WDR45,0.356979771
FGF19,0.356979771
UBR1,0.356202649
KRIT1,0.356202649
RLS1,0.356202649
PHKB,0.355925408
TPO,0.355925408
EIF2AK4,0.355925408
ADRA1A,0.355925408
SPTLC1,0.355821566
FLT1,0.355821566
PRSS1,0.355812233
WASHC5,0.355812233
HES6,0.355812233
FOLR1,0.355438126
CLCN4,0.355438126
GCCD2,0.355438126
TLR6,0.355260013
FOXA2,0.355260013
TCOF1,0.354391278
GNAQ,0.354391278
HGSNAT,0.354391278
RNF216,0.354391278
DGKE,0.354391278
PRKD1,0.354391278
NEAT1,0.354391278
FRA12A,0.354391278
MARS,0.354377684
CYP3A5,0.354377684
HSPA4,0.354377684
PLOD1,0.354375534
GFM1,0.354375534
DCAF17,0.354375534
MAF,0.354375534
HPSE,0.354375534
PXK,0.354375534
GDAP1,0.354074821
ETFB,0.354074821
PANK2,0.353891264
ATXN1,0.353801926
EGFR,0.353016766
ABCB4,0.352990192
COX15,0.352990192
PRSS56,0.352766364
DDX58,0.352766364
EP300,0.352766364
NUAK1,0.352766364
KDM5C,0.35175694
ADH1C,0.35175694
ANO10,0.35175694
TBXA2R,0.35175694
TTC9C,0.35175694
CCND1,0.351669129
DDHD2,0.351669129
HES7,0.351669129
NCOA2,0.351669129
NAGA,0.35120193
KLK3,0.35120193
HIC1,0.35120193
CHL1,0.35120193
NUMBL,0.35120193
CEBPA,0.350925088
BMPR2,0.350892862
PEMT,0.350892862
MMP13,0.350686817
GRIK1,0.350686817
IL17A,0.350480772
CLOCK,0.350480772
TERF2,0.350480772
EPHB2,0.350206045
MSRA,0.350206045
SIX6,0.350206045
GATA4,0.350154532
AAAS,0.349579757
SLC34A3,0.349579757
PKP2,0.349579757
CDKN1C,0.349463719
KCNJ2,0.349204161
MAB21L2,0.349204161
ERCC1,0.349204161
CTSA,0.348951271
FRZB,0.348951271
CYP3A4,0.348951271
MIP,0.348347504
SPG23,0.348347504
CYP46A1,0.348347504
GALR1,0.348347504
THPO,0.348346411
PAX8,0.34821014
KCNMA1,0.34821014
COX4I2,0.348035515
BCAT2,0.348035515
MIR206,0.348035515
RBBP8,0.348035515
ACTN4,0.347273082
PLA2G6,0.347210516
FGF23,0.347210516
ICK,0.347210516
TWIST1,0.347210516
NCOA4,0.347210516
THAP1,0.347210516
TBC1D24,0.347210516
GRIA3,0.347210516
FANCC,0.347210516
CNGB3,0.347210516
DISC1,0.347210516
PRDM8,0.347210516
WDR35,0.347210516
ARL13B,0.347210516
DEPDC5,0.347210516
EIF2B3,0.347210516
DIAPH3,0.347210516
PICALM,0.347210516
REL,0.347210516
UHMK1,0.347210516
MDH1,0.347210516
MIR222,0.347210516
UBE3A,0.346220447
IKZF3,0.34589227
ZNF23,0.34589227
LEP,0.345391211
CCL3,0.345391211
DAZ1,0.345391211
OXTR,0.345391211
NME2,0.345391211
FCER2,0.345391211
GFRA3,0.345391211
KLK8,0.345391211
SGSH,0.345190489
STX11,0.345190489
TPD52,0.345190489
INHBB,0.345190489
HNF1A,0.345160163
KCNE1,0.345160163
DYX1C1,0.345160163
DCDC2,0.345160163
MIR126,0.345160163
PTPN18,0.345160163
CSRP3,0.344863173
BBS7,0.344863173
MYH11,0.344863173
APOH,0.344863173
EYA4,0.344484989
ZNF513,0.344484989
SAMHD1,0.344484989
WG,0.344484989
RGS5,0.344484989
SDC3,0.344484989
CYBA,0.344120902
LAMB2,0.34411379
MYCN,0.34411379
PIGT,0.34411379
POMP,0.34411379
PROCR,0.34411379
TMF1,0.34411379
HTN1,0.34411379
EXOSC2,0.34411379
TEAD1,0.34394464
MAPK14,0.34394464
CDKN2C,0.34394464
CRY1,0.34394464
PHF6,0.343754295
COL9A1,0.343754295
PCSK9,0.343754295
MPL,0.343491531
CD151,0.343491531
LRSAM1,0.343491531
CACNA1D,0.343491531
NFIX,0.343491531
CHGB,0.343491531
UBD,0.343491531
PCLO,0.343491531
SERPINC1,0.343171702
CLCN1,0.343171702
LTA,0.343171702
KIF6,0.343171702
BDKRB1,0.343171702
FANCI,0.34274009
ZDHHC13,0.34274009
TPI1,0.342505297
SP110,0.342505297
C1S,0.342505297
ASPSCR1,0.342197814
KCNE2,0.342060451
DNASE1L3,0.342027695
FGF16,0.342027695
AHDC1,0.342027695
PMPCA,0.341923087
CTF1,0.341923087
CPT1C,0.341785724
BMP6,0.341785724
BCL11A,0.341785724
MHAC,0.341785724
ALDH4A1,0.341732084
SLC26A3,0.341732084
SMAD3,0.341732084
CFB,0.341732084
UCP1,0.341732084
TXN2,0.341732084
SCN8A,0.341373634
OPA1,0.341247785
NOG,0.341247785
EDNRA,0.341247785
EPB41,0.341203514
CYP2U1,0.341184909
CDHR1,0.341184909
CST3,0.341098907
FANCB,0.341098907
MAP2K2,0.341098907
CBFB,0.340961544
AKT1,0.34082418
IL36RN,0.340686817
RYR2,0.340550091
DHCR24,0.340550091
LZTR1,0.340550091
CLDN1,0.340550091
VEGFC,0.340550091
CALR,0.340549454
HDAC4,0.340549454
COX2,0.340549454
UBQLN2,0.340515415
LIPT1,0.340515415
UBAC2,0.340515415
T,0.34041209
WNT5A,0.34041209
DNAAF3,0.340274727
CSF3,0.340274727
OLIG2,0.340274727
BATF3,0.340274727
FEZF1,0.340274727
IDH1,0.340151061
ALG12,0.340151061
PDE3A,0.340151061
TRIM24,0.340151061
PIP4K2A,0.340151061
GRIN2B,0.340137363
ACTG2,0.340137363
GABBR1,0.340137363
WNT3,0.340137363
SLC19A3,0.340109368
SNX14,0.34
RANGAP1,0.34
UROS,0.339669855
STK39,0.339669855
CTNNB1,0.339483763
ALX1,0.339483763
RFC1,0.339483763
LRAT,0.339333088
FREM1,0.339065456
MAP3K7,0.339065456
GSS,0.338757571
PDHB,0.338203333
LAMC1,0.338203333
ZMPSTE24,0.338182055
RAB7A,0.338137127
DLX1,0.338137127
SLC7A11,0.338137127
PML,0.338113239
PCDH15,0.338113239
ITPR3,0.338113239
SYNDIG1,0.338113239
PLEC,0.337838261
KCNJ1,0.337838261
RTN2,0.337838261
RASSF1,0.337838261
MYL4,0.337838261
TAF15,0.337690204
ZNF804A,0.337690204
PCDH8,0.337690204
ANTXR2,0.337637386
BMP2,0.33735766
CRP,0.33735766
SIRT3,0.33735766
TAP1,0.337309414
PADI2,0.337309414
GABRG2,0.336893128
AMPD1,0.336893128
GRHL2,0.336893128
PLAUR,0.336893128
MUC4,0.336893128
RNF182,0.336893128
PEX5,0.33682418
NGFR,0.33682418
VEGFD,0.33682418
CLN5,0.336659344
GCM2,0.336659344
MYD88,0.336630055
GATM,0.336620484
PROS1,0.336608217
TAAR1,0.336608217
PCCA,0.336581874
AGT,0.336581874
SMARCE1,0.336274727
CYP4B1,0.336274727
ZNF816,0.336274727
HLCS,0.336071031
NSDHL,0.33598424
SLC25A4,0.335805874
MIR122,0.335805874
RP1L1,0.335714299
CYP2A13,0.335709514
CSH1,0.335709514
ATL1,0.335600886
MPO,0.335549454
AK1,0.335549454
CX3CL1,0.335549454
G6PC3,0.335526362
WNT10A,0.335347996
CHRM4,0.335347996
CLCN3,0.335347996
COQ8A,0.335240267
CHRND,0.335240267
BSND,0.335240267
ACTN2,0.335229798
DGCR14,0.335229798
KRT16,0.335197322
PDE6G,0.335197322
GHRHR,0.335164845
LCK,0.33516006
CCR5,0.33516006
CDKAL1,0.335155275
EHF,0.335155275
ADSL,0.33507327
NEUROG3,0.334793758
IDH2,0.334776705
PSAP,0.334739444
HCRT,0.334739444
SLC33A1,0.334706967
LAMC2,0.334706967
VMA21,0.334706967
TLR5,0.334706967
FLG,0.334615392
ALMS1,0.334610607
ALG2,0.334519031
SLCO1C1,0.334519031
COL8A2,0.334501979
PRLR,0.334430645
ADK,0.334430645
IDE,0.334430645
MST1,0.334430645
ACAD9,0.334238171
FXN,0.334238171
RD3,0.334157514
MBL2,0.334157514
FOXC1,0.334065938
CDK2,0.333974362
RPS24,0.333974362
FTO,0.333974362
FAH,0.333974362
RET,0.333967193
WAS,0.333967193
SLC12A3,0.333967193
G6PC,0.333967193
CDC73,0.333967193
CASK,0.333967193
IRF5,0.333967193
MAP2K7,0.333967193
MACROD2,0.333967193
ZNF592,0.333967193
SH3PXD2A,0.333967193
TAX1BP3,0.333967193
DNAJB13,0.333967193
RAB30,0.333967193
CD58,0.333882787
ADRA2A,0.333882787
PRPF31,0.333791211
ADAMTS2,0.333791211
RNASE3,0.333791211
PLEKHM1,0.333791211
LPAR1,0.333791211
TTF1,0.333791211
ARHGEF11,0.333791211
TSPAN18,0.333791211
HUWE1,0.333699636
SALL1,0.333699636
CASQ2,0.333699636
RGS2,0.333699636
NTNG1,0.333699636
CACNA1H,0.333699636
GAPDH,0.333699636
INSL3,0.33360806
SELE,0.33360806
ALRH,0.33360806
GSTA4,0.33360806
MEPE,0.33360806
AFF2,0.333516485
IL15,0.333516485
MIR16-1,0.333516485
MIR146A,0.333516485
GRPR,0.333516485
APAF1,0.333516485
FGG,0.333516485
SNAP29,0.333516485
NRGN,0.333516485
PYCARD,0.333516485
TUSC3,0.333516485
GSTA1,0.333516485
MT2A,0.333424909
RHOA,0.333424909
CKB,0.333424909
LRRC3B,0.333424909
RNF43,0.333424909
POU5F1,0.333424909
FXYD3,0.333424909
PLTP,0.333424909
CLDN7,0.333424909
GATA5,0.333424909
KRT83,0.332276466
IL12A,0.332276466
SLC52A1,0.332276466
RHBDF2,0.33146003
CLMP,0.33146003
TNFRSF1B,0.33146003
PITX1,0.331055991
PUS1,0.331055991
OPCML,0.331055991
GATA3,0.330845477
VPS13A,0.330845477
CHRNA5,0.330845477
SLC25A15,0.330554927
BVES,0.330554927
CYSLTR2,0.330554927
IL11RA,0.330554927
ABCC3,0.330554927
TXNDC5,0.330554927
ADAR,0.330025571
SOX2,0.330025571
METRNL,0.330025571
CFLAR,0.329490137
DUH1,0.329490137
TNFRSF11A,0.329440346
SUCLG1,0.329440346
ARNT2,0.329440346
ERBB2,0.329440346
UGT2B7,0.329440346
KMT2D,0.329354133
SLC1A1,0.329354133
POR,0.329354133
PCDH9,0.329354133
SP8,0.329354133
DNAI1,0.329157162
RUNX1,0.329157162
WDR73,0.329157162
MRPL44,0.329157162
NKX2-6,0.329157162
TRPM7,0.329157162
EWSR1,0.328502902
SPECC1L,0.328463807
ATP6AP2,0.328463807
DYM,0.327357722
EFHC1,0.327253115
POLR1D,0.327253115
PCNA,0.327253115
VLDLR,0.327147695
RPL35A,0.327147695
DPP6,0.327147695
HHIP,0.327147695
RYR1,0.326825529
PAX3,0.326825529
COL6A1,0.326825529
FLCN,0.325720128
OTC,0.325673436
ABCA3,0.325330028
IGHMBP2,0.325277724
EDNRB,0.325206818
ITGA6,0.325206818
CCR1,0.325206818
FAM111B,0.325206818
GYPC,0.325206818
HPT,0.325206818
CLRN1,0.325000555
D2HGDH,0.324836466
VPS11,0.324836466
VWF,0.324696808
MIR205,0.324696808
MIR155,0.324696808
MYCL,0.324696808
PRKCSH,0.324522225
ZNF469,0.32448588
NDUFA2,0.32448588
GJB1,0.324162439
LCAT,0.324006101
NIPA1,0.324006101
UQCRQ,0.324006101
ERCC3,0.323523695
FANCD2,0.323523695
TTBK2,0.323523695
ROBO4,0.323523695
ALPL,0.32314298
TWIST2,0.323068915
HBA2,0.323068915
GNAI3,0.323068915
CYP4V2,0.322953313
LEPR,0.322678586
TSNARE1,0.322538673
CACNG5,0.322538673
TUBB4A,0.322477352
COPG2,0.322477352
SLC16A2,0.322468952
LAMA2,0.322335178
OPN1SW,0.322259143
MMP1,0.322259143
RNF168,0.322259143
ZMYND10,0.322190637
CFL2,0.322190637
CRHR1,0.322101454
NMTC1,0.322101454
ALAD,0.321797223
CUX2,0.321797223
NTRK1,0.321684461
TCF7L2,0.321684461
TLR3,0.321494619
HOMER1,0.321494619
BCS1L,0.321425937
RSPH4A,0.321263743
CSPG5,0.321263743
FSTL1,0.321263743
TTR,0.321167589
SLC40A1,0.321030225
RBM28,0.320989016
IAPP,0.320989016
APOE,0.320957955
NECTIN4,0.320892862
RGS1,0.320892862
ST3GAL5,0.320876484
MAL,0.320876484
GJE1,0.320876484
TF,0.320755499
TK2,0.320686817
TNNT3,0.320480772
CRK,0.320480772
SLC29A1,0.320439563
CCKBR,0.320439563
SLC17A6,0.320439563
CD5,0.320439563
NAIP,0.320439563
NEDD4,0.320439563
SDHAF1,0.320384617
MKI67,0.320384617
SMARCB1,0.320274727
ATP10A,0.320274727
GCLM,0.320219781
APBB2,0.320219781
MCHR2,0.320219781
CHRDL1,0.320206045
MIR99A,0.320206045
SLC7A9,0.320060876
GNAL,0.320060876
RIMS2,0.320060876
ABHD5,0.319390437
MIF,0.319390437
MIR145,0.319390437
MCM9,0.319390437
DMD,0.318918947
UCHL1,0.318918947
AIRE,0.318918947
LRP6,0.318918947
TLL1,0.318918947
C1R,0.318918947
SOX17,0.318918947
CXCL3,0.318918947
HESX1,0.318310892
DDX3X,0.318310892
GLUL,0.317986941
LPAR6,0.317986941
EIF2AK3,0.317978415
ZEB1,0.317978415
DLC1,0.317564976
TFRC,0.317564976
BIRC7,0.317564976
BRCA1,0.317519188
SPRTN,0.317519188
ATCAY,0.317370721
AUH,0.317370721
MET,0.317314479
MPC1,0.317314479
PAX6,0.31680709
MEOX1,0.31680709
TPMT,0.31680709
EIF5A,0.31680709
WT1,0.3168044
DDR1,0.3168044
STRA6,0.316712856
NDUFS8,0.316712856
GJB3,0.316614351
CERS1,0.316614351
CRYAB,0.316426415
BSG,0.316426415
BRCA2,0.316033806
TCAP,0.316033806
EMD,0.316033806
SCNN1A,0.316033806
PTPRC,0.316033806
GLYCTK,0.316033806
TYR,0.315872044
ERVK-8,0.315872044
ACE,0.315731387
DCHS1,0.315731387
HBG2,0.315731387
PRKAA1,0.315731387
FANCM,0.31520824
DLX2,0.31520824
UGT1A,0.31520824
THRB,0.315063502
RPS6,0.315063502
STT3A,0.314979301
DUSP6,0.314979301
PRC1,0.314979301
KALRN,0.314979301
ETHE1,0.314935906
ENTPD1,0.314935906
TGDS,0.314917481
IL1RL1,0.314874415
RLN2,0.314874415
CADM1,0.314874415
GC,0.314874415
COL1A2,0.314844331
IFNGR1,0.314844331
GYS1,0.314433102
MEGF10,0.314433102
LHFPL5,0.314433102
FGF5,0.314433102
IL21,0.314433102
CTSH,0.314433102
ST6GALNAC2,0.314433102
INPP5D,0.314433102
SLC39A4,0.314417596
FADS1,0.314417596
SCN5A,0.314221645
CLN8,0.314221645
ALB,0.314221645
NUBPL,0.314221645
CEP152,0.314221645
CTCF,0.314221645
SLC25A26,0.314221645
IGF2BP2,0.314221645
FST,0.314221645
YEATS4,0.314221645
GALNT12,0.314221645
PCK2,0.314221645
PSORS3,0.314221645
FOXL2,0.3141714
E2F1,0.3141714
ZIC5,0.3141714
SYT2,0.3141714
AGXT,0.314100688
OBSL1,0.314100688
HEPACAM,0.314100688
XYLT1,0.314065938
SMN2,0.314065938
IRAK1,0.314065938
PTH,0.313619675
GNPTAB,0.313619675
VSNL1,0.313619675
RB1CC1,0.313470697
DLGAP2,0.313470697
BHMT2,0.313470697
HNP1,0.313470697
MCOLN1,0.312691166
TRPV3,0.312691166
LTBP3,0.312691166
GSN,0.312650373
ARL6,0.312650373
IRF7,0.312650373
INSM1,0.312650373
GRIN2C,0.312650373
AOX1,0.312650373
SLC20A2,0.312524382
JAM3,0.312524382
BIN1,0.312524382
ATXN2,0.312524382
P2RY11,0.312524382
GLI2,0.312524382
GABRB1,0.312524382
ITGA4,0.312524382
NFKB1,0.312524382
CHRNB4,0.312524382
GMNN,0.312524382
P2RY12,0.312447589
OPTN,0.312447589
ATP6V1B2,0.312447589
SIX1,0.312447589
FRMD7,0.312447589
MN1,0.312447589
HARS2,0.312447589
EPHX2,0.312447589
CHDS4,0.312447589
NGF,0.312439563
FGF2,0.312439563
AFA,0.312439563
PRPH2,0.312226772
LMOD3,0.312226772
ADGRL3,0.312226772
SRRT,0.312226772
COMP,0.31221052
FOXP3,0.31221052
SI,0.31221052
NDUFS1,0.31221052
KCNAB2,0.31221052
COQ6,0.31221052
ICAM5,0.31221052
MMP9,0.311628568
FANCL,0.311628568
SOX5,0.311628568
PGAM2,0.311012572
CRYBB1,0.311012572
ACTG1,0.311012572
RAPGEF6,0.311012572
CLCN5,0.31041209
ZNF674,0.31041209
CEACAM1,0.31041209
PMM2,0.310381191
SYNGAP1,0.310381191
TUBB1,0.310381191
ANKRD11,0.310381191
HINT1,0.310155215
SYP,0.310155215
HTR2B,0.310155215
GADL1,0.310155215
LRP2,0.309815913
HTR4,0.309815913
ZNF569,0.309815913
RPS6KA3,0.308933575
OPRM1,0.308933575
TNNI3,0.308933575
S100B,0.308933575
ORMDL3,0.308933575
DCC,0.308933575
VNN1,0.308933575
AIS1,0.308933575
GH1,0.30874391
HPS5,0.30874391
ADAMTS9,0.30874391
CENPF,0.30874391
SLC5A8,0.30874391
AKR1C1,0.30874391
XYLT2,0.308706507
PHF3,0.308706507
VSX2,0.30858475
AKR1B10,0.30858475
ZMYM2,0.30858475
ERVW-1,0.30858475
DBN1,0.30858475
TIAM2,0.30858475
PPARGC1A,0.308381915
DSC3,0.308381915
C2CD3,0.308381915
IL33,0.308381915
CST6,0.308381915
INHBA,0.308381915
CXCL10,0.308381915
GNE,0.308365542
TNFRSF13B,0.308365542
SUMO1,0.308365542
STRC,0.308365542
GGH,0.308365542
SIN3A,0.308234626
TNFAIP3,0.307698688
GSTO2,0.307663639
IRF8,0.307528569
HSPA1A,0.307528569
PTHLH,0.307514115
FAM89A,0.307514115
GSM1,0.307514115
CC2D2A,0.307450416
MERTK,0.30736677
DLG4,0.30736677
SLC3A1,0.307288735
ACADVL,0.307288735
STAT5B,0.307288735
OSTM1,0.307288735
ILDR1,0.307288735
ISCU,0.307288735
LAMC3,0.307288735
HMGA2,0.307288735
ITGA2,0.307288735
MIR382,0.307288735
AMHR2,0.306910868
ADORA3,0.306910868
SERPINA3,0.306910868
SDPR,0.306910868
MDK,0.30686775
PENK,0.30686775
PROX1,0.306841752
PPARGC1B,0.30681388
SPG41,0.30615982
SUZ12,0.306049181
CLLS2,0.306049181
PTCH2,0.305971719
ITGA5,0.305971719
PCCB,0.305644269
TYMP,0.305589583
TNNI2,0.305589583
PNPLA6,0.305589583
CYCS,0.305589583
EXOSC3,0.305589583
GNS,0.305589583
QARS,0.305589583
LAMTOR2,0.305589583
SYT14,0.305589583
NRCAM,0.305589583
RAB18,0.305589583
NDEL1,0.305589583
GPR183,0.305589583
TCF4,0.305405566
TREX1,0.305405566
SP1,0.305405566
CCBE1,0.305302883
TMC1,0.305242525
P4HB,0.305198931
MRPS16,0.305198931
DNM1L,0.305198931
DNASE1,0.305198931
SETD2,0.305198931
H3F3A,0.305198931
ELAVL2,0.305198931
BIRC2,0.305147119
VCP,0.304858703
ORC4,0.304858703
NR1H4,0.304793363
CFH,0.304774962
SLC11A2,0.304774962
PRPF6,0.304645833
KLF1,0.304645833
HYDIN,0.304645833
CHST8,0.304645833
RPL5,0.304645833
TOMM40,0.304645833
CCL19,0.304597665
FSHR,0.304592226
PHF8,0.304592226
DCXR,0.304592226
ADAT3,0.304592226
PTGDS,0.304592226
HPS4,0.304592226
ARHGAP1,0.304592226
SEMA4A,0.304572087
PAK6,0.304322938
MIR200C,0.30429736
KRT9,0.304252882
FHL1,0.304252882
SND1,0.303969183
VPS13B,0.303891963
MED13L,0.303891963
MRPL3,0.303694456
PGD,0.303668878
ZNF750,0.303571029
PRKCB,0.303571029
KBTBD13,0.303538692
TARDBP,0.303432176
DES,0.303432176
PCBD1,0.303430551
CRTAP,0.303430551
DNAJC6,0.303430551
ELANE,0.303423318
VHL,0.303395154
EXT2,0.303395154
PRRT2,0.303395154
CLCN7,0.303395154
IFRD1,0.303395154
DFNA47,0.303395154
PON3,0.303366831
LIPC,0.303366831
CD8A,0.303319534
ACY1,0.303319534
SLX4,0.303319534
MOG,0.303319534
NDUFAF4,0.303319534
MSRB1,0.303319534
LILRA1,0.303319534
MCCC2,0.303296721
SCP2,0.303256787
LYZ,0.303231209
ADARB1,0.303231209
PRDM16,0.303159358
SLC26A5,0.303145003
TMEM70,0.303021995
DICER1,0.30286443
USB1,0.30286443
PKHD1,0.302850892
SIM1,0.302850892
EYS,0.302850892
LCN2,0.302850892
SULT1A1,0.302850892
DDAH2,0.302844697
RARS,0.302819119
HCN1,0.302795983
NUTM1,0.302795983
IL7R,0.302747268
CDT1,0.302685776
TNFSF10,0.302685776
SLC22A3,0.302685776
BRF1,0.302681755
CLIC2,0.302658619
GDF10,0.302658619
NTRK3,0.302573559
GCNT2,0.302573559
RSPO1,0.30256997
SLC12A6,0.302517667
GMPPB,0.302472541
PTK2,0.302465363
DRD3,0.302439785
CYB5A,0.302439785
CYP7A1,0.302307232
F3,0.302307232
KANK2,0.302190637
SCARB2,0.302147802
MTOR,0.302060451
SLC17A5,0.302049684
ALG9,0.302012271
DAOA-AS1,0.302012271
PHKA2,0.301991769
PTPN2,0.301991769
HYAL1,0.301986108
DPP10,0.301986108
GNAT3,0.301986108
S100A8,0.301923087
CAMKK2,0.301923087
GDF9,0.301890331
ITGA8,0.301778546
RORA,0.301778546
CTRC,0.301769346
ITGB2,0.301760649
PNPT1,0.301752968
MTCH2,0.301752968
LARS2,0.301752968
GRM6,0.301717042
EMG1,0.301701384
TFAP2A,0.301701384
SELENOP,0.301701384
DEFA5,0.301701384
TBL1XR1,0.301701384
IFNA10,0.301701384
CRKL,0.301648361
MAP3K1,0.301648361
CXCR2,0.301648361
PDE4A,0.301641183
FH,0.301634066
LRPPRC,0.301634066
BMPER,0.301634066
EARS2,0.301634066
CAMTA1,0.301634066
DOCK1,0.301634066
SHFM2,0.301615604
RSPRY1,0.301510997
PLEKHG4,0.30150382
MARK2,0.30150382
NAMPT,0.301478241
BMI1,0.301478241
ASMT,0.301478241
HRG,0.301438727
TECR,0.301438727
DYSF,0.301429874
PAX4,0.301429874
COMT,0.301429874
IL12RB1,0.301429874
PRPF4,0.301429874
MRE11,0.301429874
MLLT10,0.301429874
MIR93,0.301429874
PRDM2,0.301429874
HNRNPA2B1,0.301429874
EHMT1,0.301425937
ATP1A1,0.301373634
KLF5,0.301366456
TERF2IP,0.301366456
MIR30A,0.301340878
CASR,0.301338342
SH3TC2,0.301322639
FBXO32,0.301322639
SLC30A4,0.301236271
ALG3,0.301236271
SHOC2,0.301233878
HCRTR1,0.301233878
TBX1,0.301209001
PLXND1,0.301209001
SLC12A2,0.301203514
IL19,0.301203514
RGS9,0.301151211
SIRT1,0.301098907
NQO1,0.301098907
ALDH1A1,0.301098907
CAMKMT,0.301098907
NOTCH4,0.301098907
SDCCAG8,0.300961544
MAGEL2,0.300961544
CADPS2,0.300961544
MT3,0.300961544
IL1A,0.300961544
ALOX15,0.300961544
SARDH,0.300945166
GUCY2C,0.300913363
SELL,0.300913363
FGF3,0.300892862
NUTM2B,0.30082418
BLOC1S3,0.30082418
TH,0.30082418
BDKRB2,0.30082418
IGAN1,0.30082418
JAKMIP1,0.30082418
PPIB,0.300755499
RAB28,0.300751619
CASC1,0.300751619
GJD2,0.300751619
PTPN3,0.300751619
PTPN6,0.300751619
NRROS,0.300751619
SPTA1,0.300686817
LMBR1,0.300686817
DNMT3B,0.300686817
IFNA2,0.300686817
TFAM,0.300686817
TLR1,0.300686817
CHRM1,0.300686817
PTPRZ1,0.300686817
MCC,0.300686817
HDAC1,0.300686817
AP3M1,0.300686817
ECA1,0.300686817
HHAT,0.300686817
ABCB5,0.300686817
EVC,0.300658871
TFB1M,0.300618135
LCE3C,0.300618135
SIX3,0.300549454
FHIT,0.300549454
BCL2L1,0.300549454
IL3,0.300549454
SLC51B,0.300549454
GRIN3A,0.300549454
TBR1,0.300549454
VSX1,0.300540722
SPINK5,0.300540722
C7,0.300540722
SCARF2,0.300540722
AMMECR1,0.300540722
NEXN,0.300540722
CYP2S1,0.300540722
TERC,0.300536398
SORL1,0.30041209
EGR4,0.30041209
PTCHD1,0.30041209
ENTPD2,0.30041209
GKN1,0.30041209
UCN,0.30041209
ERDA1,0.30041209
AP4M1,0.30041209
TNFSF4,0.30041209
RRM1,0.30041209
PSCA,0.30041209
ALOX5AP,0.30041209
MUC1,0.30041209
SNCG,0.30041209
ETV4,0.30041209
CHIT1,0.30041209
MYB,0.30041209
SETBP1,0.300394737
KRT81,0.300394737
FAAH,0.300394737
CDNF,0.300394737
SHROOM4,0.300381273
REV3L,0.300381273
KYNU,0.300377749
IL1R1,0.300377749
DSCAML1,0.300377749
RP2,0.300343408
NOP10,0.300274727
PRKCH,0.300274727
DLG2,0.300274727
PGBD1,0.300274727
EAF2,0.300274727
KMT2E,0.300274727
HAND2,0.300274727
CXCR3,0.300274727
RXRA,0.300274727
NCOR2,0.300274727
CD48,0.300274727
CD2,0.300274727
DEL11P13,0.300274727
C2CD4A,0.300274727
VRK2,0.300274727
COPD,0.300274727
MTAP,0.300274727
KRT7,0.300274727
HLA-G,0.300274727
HTR3A,0.300274727
MX1,0.300274727
DSG4,0.300274727
ITPA,0.300274727
IGFBP5,0.300274727
ACKR1,0.300274727
SAA1,0.300274727
ANXA11,0.300274727
SLC1A6,0.300274727
FABP7,0.300274727
TAGAP,0.300274727
SELENBP1,0.300274727
NCR3,0.300274727
VDR,0.300261151
GAMT,0.300162989
MMACHC,0.300162989
TGM5,0.300162989
CD40,0.300162989
EDN1,0.300162989
MC5R,0.300162989
SLC9A9,0.300162989
ABCA7,0.300137363
GLI1,0.300137363
GNRH1,0.300137363
DSCAM,0.300137363
GPM6A,0.300137363
MPZL1,0.300137363
FABP3,0.300137363
GRIN2D,0.300137363
BHMT,0.300137363
APOL2,0.300137363
DAPK1,0.300137363
NCOA1,0.300137363
MLXIPL,0.300137363
PKM,0.300137363
S100A7,0.300137363
IBD2,0.300137363
AUTS1,0.300137363
DNAI2,0.300137363
UBE2T,0.300137363
MIR221,0.300137363
DEFB4A,0.300137363
MYO1A,0.300137363
CHD8,0.300137363
SLC7A5,0.300137363
YWHAZ,0.300137363
CACNA2D1,0.300137363
ELMOD2,0.300137363
PTPRG,0.300137363
SLC6A18,0.300137363
ITIH1,0.300137363
ZNF74,0.300137363
GLS,0.300137363
FBXL21,0.300137363
HOXA10,0.300137363
SSTR1,0.300137363
CDH2,0.300137363
RAMP2,0.300137363
DFNA5,0.300137363
MCM2,0.300137363
ABCA13,0.300137363
DIO2,0.300137363
TRIB3,0.300137363
ICOSLG,0.300137363
CAMK2A,0.300137363
YAP1,0.300137363
CLTC,0.300137363
MFGE8,0.300137363
MYBL1,0.300137363
MYO1E,0.300137363
CCNA1,0.300137363
LRIG2,0.300137363
NR1I3,0.300137363
CD86,0.300137363
THMA,0.300137363
C8orf37,0.300137363
DGKK,0.300137363
RPS15,0.300137363
WRAP53,0.300137363
WEE1,0.300137363
CFP,0.300051897
CPAT1,0.300051897
TBX21,0.30000074
TSPAN8,0.3
TOPBP1,0.3
GIN1,0.3
PDR,0.3
RBFOX1,0.3
POLR3B,0.3
KCNJ11,0.299995037
ASL,0.299880766
DIAPH2,0.299880766
NLRP3,0.299843304
LIG4,0.29967838
NANS,0.29967838
KIF11,0.298770266
GRHL3,0.298770266
IGF2R,0.298514384
HTR5A,0.298514384
KRT10,0.298430691
SBDS,0.298430691
GATA2,0.298430691
RAC2,0.298430691
TECTA,0.298430691
SYN1,0.298430691
BCKDK,0.298430691
TUBB3,0.298430691
CHRNE,0.298430691
PAX9,0.298430691
GABRA2,0.298430691
TMC8,0.298430691
GALE,0.298430691
PPP2R2B,0.298430691
RIN2,0.298430691
TTC19,0.298430691
ARMC4,0.298430691
PITPNM3,0.298430691
RHAG,0.298430691
SLC18A2,0.298430691
ACSL4,0.298430691
NDUFS2,0.298430691
HGFAC,0.298430691
TCTN3,0.298430691
HDAC6,0.298430691
RAB32,0.298430691
PARK10,0.298430691
MBD2,0.298430691
SPOP,0.298430691
CDB2,0.298430691
SLC6A13,0.298430691
AAGAB,0.298430691
TNDM,0.298430691
VAV1,0.298430691
LSS,0.298430691
TUBGCP4,0.298430691
PTPRF,0.298430691
PTPRK,0.298430691
HAGH,0.298430691
ACAA1,0.298430691
H1F0,0.298430691
ASPG,0.298430691
LAIR1,0.298430691
HOXA5,0.298430691
GLM4,0.298430691
KCNK18,0.298430691
OR8S1,0.298430691
NOCT,0.298430691
FBLN2,0.298430691
GYS2,0.29839588
DUX4,0.298365206
ATXN8OS,0.298301963
HTR3E,0.298301963
RBM10,0.298204474
LMNB2,0.298204474
APOA5,0.298204474
FBXL4,0.298204474
PDHA1,0.298204474
HTR1B,0.298204474
MTTP,0.297998116
PROP1,0.297998116
GRIK2,0.297998116
NOTCH1,0.297998116
NCS1,0.297998116
GREM1,0.297998116
RHOBTB2,0.297998116
RAP1B,0.297998116
RARRES1,0.297998116
DRD4,0.297732864
PIEZO1,0.297732864
SYNGR1,0.297732864
ASTN1,0.297732864
C1QTNF5,0.297731557
MRAS,0.297731557
BBS4,0.297632601
MEN1,0.29753668
ARG1,0.29753668
PNPLA2,0.29753668
ALS2,0.29753668
TAL1,0.29753668
NAB2,0.29753668
FLRT3,0.29753668
PTGS2,0.297263743
HSP90B1,0.297263743
CHST6,0.296808421
CHSY1,0.296715248
HPCA,0.296715248
TBC1D1,0.296715248
S100A6,0.296715248
NAGS,0.29671429
GARS,0.296604399
KLF6,0.296524124
DNAL4,0.296524124
NSD1,0.296439563
HOGA1,0.296396197
IBGC1,0.296396197
LATS2,0.296396197
POU6F2,0.296381391
PEX14,0.296311653
PFN1,0.296167392
IL21R,0.296151836
SPG38,0.296151836
GRXCR1,0.296151836
NQO2,0.296151836
MARK1,0.296151836
SFTPD,0.296151836
PRDX1,0.296151836
ND4,0.296109891
KNG1,0.296015089
TPP1,0.295869572
KCNH2,0.295869572
VPS37A,0.295869572
BAX,0.295869572
FABP2,0.295869572
FOXJ1,0.295869572
HSPA1B,0.295622723
GAS8,0.295622723
TOPORS,0.295439572
SRY,0.295164845
HAMP,0.29507327
TCN2,0.294868281
PDGFRB,0.294702182
IL2RB,0.294702182
CSMD3,0.294702182
FAM134A,0.294624353
PBCRA1,0.294609998
PEX3,0.294519031
CBL,0.294319634
DNAH11,0.294319634
TCIRG1,0.294319634
TSLP,0.294319634
PDLIM5,0.294319634
CSNK1D,0.294319634
MIR203A,0.294319634
PF4,0.294319634
MAFB,0.294303391
SEMA3B,0.294303391
SLC26A2,0.294259691
IFT80,0.294259691
TTC12,0.294259691
SHANK3,0.294249089
MNX1,0.294221312
MAP2K1,0.294221312
COL27A1,0.294221312
ASNS,0.294221312
CD68,0.294221312
PTGS1,0.293974362
MCL1,0.293974362
RPL21,0.293974362
CACNA2D2,0.293974362
RAB3GAP1,0.293882787
GK,0.293882787
SORT1,0.293882787
FOXD3,0.293882787
XIAP,0.293791211
DYNC1I1,0.293791211
SNAP25,0.29360806
TTC37,0.29360806
IBSP,0.293516485
BMP7,0.293516485
RARRES2,0.293516485
RIN1,0.293516485
COX1,0.293516485
WNT1,0.293516485
PARN,0.293420381
HMGA1,0.293420381
EBF1,0.293420381
CUL4B,0.293038352
KMT2A,0.293038352
IER3IP1,0.293038352
IFIT1,0.293038352
AVSD1,0.293038352
SULT1E1,0.293038352
LACE1,0.293038352
RPS19,0.292977416
LPAR4,0.292977416
LIFR,0.292748269
PTRHD1,0.292748269
LITAF,0.292432576
ADORA2A,0.292432576
DPYSL2,0.292432576
TRNE,0.292432576
FANCG,0.292162526
GPX4,0.292162526
ICAM2,0.292162526
DLD,0.291854406
NT5C2,0.291854406
FGFR2,0.291463042
SPG11,0.291463042
FGD4,0.291463042
ALG6,0.291463042
RAX,0.291463042
IL31,0.291463042
CFL1,0.291463042
SLC13A5,0.291463042
LAMA1,0.291463042
14-Sep,0.291463042
DDU,0.291463042
COL7A1,0.29104162
CCL11,0.29104162
STC2,0.29104162
IQSEC2,0.290820592
METTL23,0.290820592
XPA,0.290796103
EKD2,0.290796103
ITPK1,0.290796103
SERBP1,0.290796103
EVC2,0.29046083
GNAT1,0.29046083
XBP1,0.29046083
C5orf42,0.290137363
GTF2E2,0.290137363
ATIC,0.290018321
IDS,0.290018321
GJB2,0.289996638
MYBPC3,0.289996638
RAB39B,0.289996638
MAGEA1,0.289996638
TAC1,0.289996638
CPS1,0.289847513
GABRD,0.289847513
TUFM,0.289709879
ITPKC,0.289709879
TRNL2,0.289709879
TRPA1,0.289345138
SNRPN,0.289345138
CD24,0.289345138
JAG1,0.289262293
HSF4,0.289262293
TFG,0.289262293
MPDZ,0.289262293
KRT18,0.289262293
TNFRSF21,0.289262293
RAP1A,0.289262293
SLEN2,0.289262293
GCAT,0.289262293
PDHX,0.28900927
FTH1,0.28900927
SFRP5,0.28900927
NLGN2,0.28900927
TMEM165,0.288974727
ND3,0.288974727
ITLN1,0.288974727
RB1,0.288626651
FLVCR1,0.288626651
NEB,0.288626651
FHL2,0.288626651
GAK,0.288626651
CEP290,0.288318027
THOC6,0.288318027
KIF21B,0.288318027
PRNP,0.28830401
SLC26A4,0.28830401
EYA1,0.28830401
MSH3,0.28830401
EVL,0.28830401
PEE1,0.28830401
ATP2A3,0.28830401
HCK,0.28830401
KCNE5,0.28830401
GJA5,0.288283798
NPY1R,0.288283798
BAAT,0.288034818
POC1A,0.288034818
POU4F3,0.288034818
MECOM,0.288034818
BCAR3,0.288034818
STXBP1,0.287790258
CYP1A2,0.287790258
HIRA,0.287790258
IFIH1,0.287661109
LPA,0.287661109
SSBP2,0.287661109
CLDN19,0.287638862
HAVCR1,0.287638862
TICAM1,0.287638862
AGXT2,0.287638862
KCNK2,0.287149901
RAD50,0.287149901
SCT,0.287149901
GNRHR,0.286803834
FOXO3,0.286803834
SLC1A2,0.286803834
ZBTB18,0.286711442
IL5RA,0.286711442
ASPM,0.286459973
CTTN,0.286459973
MAX,0.286459973
PCSK5,0.286238848
PIPOX,0.286187691
BCKDHB,0.286051263
CD96,0.286051263
CCDC68,0.286051263
HCCS,0.286030225
SCARB1,0.286030225
GJC2,0.285719363
PHB,0.285719363
CHRNG,0.285472048
PYCR1,0.285472048
MS,0.285472048
PLEKHG5,0.28543172
IL10RA,0.28543172
ATF6,0.28543172
TPK1,0.28543172
FGFR4,0.285430323
BACH2,0.285430323
ETNPPL,0.285430323
MOBP,0.285414668
MTR,0.285316054
FCN3,0.285316054
HMG20A,0.285316054
CPT1B,0.285316054
COQ2,0.285305862
CFHR1,0.285305862
WNT2,0.285305862
MESP2,0.285305862
AK5,0.285305862
ING1,0.284717269
ARX,0.284508482
CRH,0.284503977
PLB1,0.284503977
FBN2,0.284432455
HSD17B4,0.284432455
HK2,0.284432455
HELLS,0.284432455
PEBP1,0.283994619
TJP2,0.283989295
MAPK8IP1,0.283960875
CARD11,0.283960875
HERC2,0.283960875
IL17RD,0.283960875
SLC25A46,0.283960875
SCA25,0.283922047
CCNE1,0.283922047
HAPLN3,0.283922047
GEMIN4,0.28383182
PKLR,0.283692341
BCOR,0.283692341
F11,0.283667211
FAM111A,0.283667211
PDE6C,0.283667211
SPG36,0.283667211
WDR19,0.283667211
GSTA3,0.283667211
TRIM59,0.283667211
FETUB,0.283667211
ITGB3BP,0.283667211
PEX12,0.283607666
MYF6,0.283607666
NOX4,0.283505936
DAG1,0.283491519
IGHV3-21,0.283491519
TYRP1,0.283491519
PDK3,0.283491519
CENPJ,0.283491519
GSTT1,0.283491519
SLC17A7,0.283491519
TNC,0.283491519
SLEB3,0.283491519
APTX,0.283461557
DYRK1A,0.283340182
PIK3CB,0.283340182
CFTR,0.283240006
CHD7,0.283240006
NTNG2,0.283240006
PCYT1A,0.283240006
TRAF1,0.283240006
RPS6KB1,0.283240006
GP2,0.283240006
GBP1,0.283021995
USH2A,0.282971422
SPINK1,0.282912104
MED17,0.282602727
DROSHA,0.282602727
DDIT3,0.282535264
CCM2,0.282535264
RAD51C,0.282535264
FAM53B,0.282535264
SLC9A6,0.282521744
CEL,0.282521744
GDF6,0.282417537
TREM1,0.282417537
HPRT1,0.282363201
GSTM1,0.282363201
SPG37,0.282299092
LZTS1,0.282299092
ATP5A1,0.282278629
SLC22A18,0.282278629
DCTN1,0.282139998
FKBP5,0.282060451
IKZF2,0.282060451
ASAH1,0.282038613
MID1,0.281968875
ATP13A2,0.281831512
SEC63,0.281640028
RTEL1,0.281640028
NFASC,0.281640028
DUSP5,0.281640028
GPC6,0.281578343
RIMS3,0.281578343
B4GALNT1,0.281497686
CNP,0.281497686
B4GAT1,0.281497686
TMEM245,0.281373634
MYO5B,0.281362715
SLC25A38,0.281360323
SLC6A15,0.281360323
RANBP1,0.281360323
PRRX1,0.281315817
MFN2,0.281208798
IL2RA,0.281208798
EXO1,0.281153852
GRIK5,0.281153852
ATP6,0.281104291
TNFRSF11B,0.281104291
ACTA2,0.281104291
EIF2B4,0.281104291
MOCS1,0.281104291
G6PD,0.281104291
NRP1,0.281104291
CHRM3,0.281098907
SLC35A3,0.281098907
SLC6A4,0.281096036
JPH3,0.280904048
CEBPE,0.280904048
TREML1,0.280904048
DRD1,0.280841668
B9D1,0.28082418
CLEC12A,0.28082418
EML5,0.28082418
ALDH3A2,0.280641029
GP9,0.280549454
TRIM44,0.280485011
SFRP4,0.280471648
ADRB1,0.280471648
MT1A,0.280471648
MIR370,0.280471648
PRTFDC1,0.280471648
DFNA27,0.280471648
KPNA3,0.280439563
CHD5,0.280439563
KIF5A,0.280384617
PRSS2,0.280384617
GPD2,0.280384617
CYP26B1,0.280310655
WSN,0.280310655
AP4S1,0.280274727
GLYAT,0.280274727
USH1K,0.280274727
BFIS4,0.280274727
DUH2,0.280274727
ABCC5,0.280274727
CEP120,0.280274727
IRX2,0.280274727
CST1,0.280274727
THEM4,0.280274727
TRNL1,0.280273176
CLDN4,0.280273176
MGR3,0.280273176
GM2A,0.280228939
GLB1,0.280219781
TGFBR2,0.280206607
SCA30,0.280206607
PPP3R1,0.280206607
SLEH1,0.280206607
KIF1B,0.280137363
SOX9,0.280122271
PSIP1,0.280122271
GABRB3,0.280088192
TUBB8,0.280088192
WDR81,0.28
CYP4F22,0.28
VASN,0.28
CDC42EP3,0.28
RAPGEF3,0.28
MIR409,0.28
FXYD1,0.28
PTPRR,0.28
TRIM27,0.28
CDC25C,0.28
MRPL19,0.28
NAV2,0.28
EFCAB11,0.28
SPHK1,0.28
TMSB10,0.28
CD80,0.28
KCNJ3,0.28
LAMA4,0.28
UOX,0.28
PNPLA1,0.28
GPR35,0.28
GRB2,0.28
NDUFV1,0.279920515
TRIM2,0.279920515
MECP2,0.279365615
HOXA1,0.279365615
FSCN2,0.279365615
RNU4ATAC,0.279365615
SDHAF2,0.279365615
ESPN,0.279365615
CDH5,0.279365615
XAF1,0.279365615
AZGP1,0.279365615
PIK3R5,0.279365615
CNGA2,0.279365615
CCNO,0.279184306
CYP26C1,0.279184306
CCDC151,0.279184306
7-Sep,0.279184306
DCPS,0.279184306
PCNT,0.27907235
NOS3,0.27907235
IGFBP1,0.27907235
ATP7B,0.278720949
GTPBP3,0.278720949
IL7,0.278720949
SUFU,0.278582806
PHRF1,0.278582806
EXT1,0.27846102
ANKS6,0.27846102
SLC29A3,0.27825455
LDHB,0.27825455
ANPEP,0.27825455
HSD3B7,0.278082487
TNNC1,0.278082487
PIK3CA,0.277834927
SHBG,0.277834927
ARHGAP35,0.277834927
HMBS,0.277740617
NEK2,0.277740617
DMXL2,0.277740617
COASY,0.277737075
BCL10,0.277737075
MSLN,0.277737075
PTPN11,0.277549572
PMP22,0.277549572
AGL,0.277549572
NLRP1,0.277549572
NRG3,0.277549572
UBAP2,0.277549572
FOXP2,0.27705718
IFT122,0.27705718
HCFC1,0.27705718
AGRN,0.27705718
ZFHX3,0.27705718
SLC30A6,0.27705718
NUDT2,0.27705718
PRX,0.277056354
STK11,0.276801942
ARMS2,0.276801942
PIM1,0.276801942
H2AFX,0.276783706
RUNX2,0.276653257
CALM1,0.276653257
CLEC10A,0.276653257
RRDX,0.276653257
IYD,0.276408666
FGF17,0.276408666
CYP2A6,0.276408666
DHCR7,0.276274039
BBS2,0.276274039
COG8,0.276274039
BACE1,0.276274039
NCOA3,0.276274039
PRDX2,0.276274039
NRIP1,0.276274039
IER3,0.276274039
ITGB1,0.276175614
SASH1,0.276175614
DEAF1,0.27609773
HOTAIR,0.27609773
PIM2,0.27609773
PAX5,0.276069148
DNAJC19,0.275941362
PEX19,0.275941362
ELMO1,0.27578165
NCAM1,0.27578165
GPX3,0.27578165
RHO,0.275734842
PRKAG2,0.275734842
VCL,0.275734842
ZSWIM6,0.275734842
CA12,0.275552604
NRDC,0.275552604
APOBEC3C,0.275552604
SPG32,0.275439842
PARK3,0.275439842
CSRP1,0.275439842
NCF1,0.275426255
CBX2,0.275426255
FRG1,0.275426255
IDO1,0.275426255
AGR2,0.275426255
EPHA4,0.275406276
AGBL5,0.275406276
NRL,0.27533626
SMC1A,0.27533626
PSORS5,0.27533626
ABCD2,0.27533626
HEXA,0.275240386
NRXN3,0.275240386
NF1,0.275158536
MSX2,0.275158536
DPAGT1,0.275158536
GPR161,0.275158536
PLN,0.275158536
CCL3L1,0.275158536
RARB,0.275158536
DKK1,0.275158536
FRAS1,0.275103023
TMPRSS2,0.275103023
LRRC6,0.275006021
ERLIN2,0.275006021
PRTN3,0.274941493
POU3F4,0.274859537
SLSN3,0.274859537
STAMBP,0.274674746
NSMF,0.274674746
C8B,0.274620357
CHM,0.274609122
NDUFAF2,0.274609122
RPSA,0.274609122
UNC119,0.274606975
IFNG,0.274606975
CDAN1,0.274297618
STAC3,0.274297618
KCNJ18,0.274297618
KLHL7,0.274297618
LIF,0.274297618
PDE10A,0.274297618
EPM2A,0.274118693
KCNQ1,0.274002108
SMARCA4,0.273959983
NDUFS7,0.273911268
CRYBB2,0.273892333
NRP2,0.273600098
HMGB1,0.273600098
NLGN4X,0.273600098
ANTXR1,0.273600098
HDAC3,0.273485817
CCKAR,0.273423318
PIK3C3,0.273312946
FGFR1OP2,0.273312946
SLC5A7,0.273312946
MTFMT,0.27330801
WFS1,0.272766497
SDHB,0.272766497
SHOX,0.272766497
GJB4,0.272766497
AMN,0.272766497
BRIP1,0.272766497
ICOS,0.272766497
NEK1,0.272766497
REEP2,0.272766497
IBA57,0.272766497
ITCH,0.272766497
EIF2S1,0.272766497
CRLF2,0.272766497
PMS1,0.272766497
PXN,0.272766497
MCAT,0.272766497
MMEDF,0.272766497
LETM1,0.272717749
B2M,0.272717749
SNX31,0.272717749
SLC25A19,0.272557683
SH3BP2,0.27231944
BRAF,0.27231944
HADHA,0.27231944
TBK1,0.27231944
PRKDC,0.27231944
BANK1,0.27231944
ARHGDIA,0.27231944
YBX1,0.27231944
HES5,0.27231944
HMGCS2,0.272251726
CHKB,0.272251726
HPN,0.272251726
ADI1,0.272251726
AKT3,0.272
GPCPD1,0.272
KLKP1,0.271963982
GYPE,0.271963982
LHB,0.271850283
DHH,0.271801252
HLA-DQB1,0.271801252
SCNN1G,0.271801252
SLC2A2,0.271801252
HYMAI,0.271801252
ELP4,0.271801252
CSK,0.271801252
NEK8,0.271801252
KCNT1,0.271801252
GZMA,0.271801252
COA6,0.271801252
FBXL3,0.271801252
CLIC4,0.271801252
COTL1,0.271801252
TIMM8A,0.271782487
SCN10A,0.271782487
LDHA,0.271782487
DTNA,0.271782487
MXRA5,0.271782487
ACP1,0.271782487
ITK,0.271782487
TCF7,0.271782487
PRKD3,0.271782487
SIRT4,0.271782487
B3GAT3,0.271697075
C1QTNF3,0.271697075
IQGAP2,0.271589911
KRT4,0.271562017
CPE,0.271562017
TTC8,0.271510997
ALX3,0.27150821
PLP1,0.271463257
TARS2,0.271438957
ALOX5,0.271438957
NR4A3,0.271304952
GAL,0.271079274
DBI,0.271079274
TUBG1,0.271079274
MYC,0.271061148
OCRL,0.271061148
CD59,0.271061148
DUOX2,0.271061148
GALT,0.271061148
FLI1,0.271061148
CEP57,0.271061148
COG6,0.271061148
ELAC2,0.271061148
DHTKD1,0.271061148
NDE1,0.271061148
TGM6,0.271061148
XRCC1,0.271061148
NAT2,0.271061148
DGCR,0.271061148
BCAP31,0.271061148
PGP,0.271061148
HDGF,0.271061148
INHBC,0.271061148
AUTS8,0.271061148
HDLCQ2,0.271061148
DDX51,0.271061148
SNX5,0.271061148
ATP11A,0.271030225
CRMP1,0.271030225
NR1I2,0.27101862
ESCO2,0.270866128
MYOT,0.270866128
NPHS1,0.270866128
KCNQ3,0.270866128
COL4A6,0.270866128
KCNA2,0.270866128
TRAPPC11,0.270866128
CCDC115,0.270866128
CABIN1,0.270866128
PLAGL1,0.27082418
LPIN2,0.270765141
DNAJB2,0.270739115
NHLH2,0.270739115
PSMB4,0.270739115
NTF4,0.270686817
RPS3,0.270686817
CYP11A1,0.270686817
TOP2A,0.270642748
ATPAF2,0.270628088
TLR2,0.270628088
KRT71,0.270618135
CC2D1A,0.270618135
PTDSS1,0.270616405
SAC3D1,0.27059639
CD19,0.270549454
ACOX1,0.2705402
ABCC1,0.2705402
RASD2,0.2705402
FXYD6,0.27041209
GALR3,0.27041209
RNPS1,0.27041209
MAN1B1,0.27041209
MMP14,0.270343408
ABCG1,0.270343408
KRT86,0.270337545
ADAMTSL4,0.270337545
TMEM240,0.270337545
RGS9BP,0.270337545
MED28,0.270337545
SLC19A2,0.270337529
PPP3CC,0.270300094
RCAN1,0.270300094
DBNL,0.270300094
SMAD7,0.270206045
OXSR1,0.270206045
SUOX,0.270206045
PCMT1,0.270167817
SERPINF1,0.270137363
ABR,0.270137363
CYLD,0.270004838
GDI1,0.270004838
EIF1AX,0.26993198
TUBB,0.26990803
FTSJ1,0.26990803
ATP6V0A2,0.269862468
HDAC9,0.269862468
EGLN1,0.269597086
NPR2,0.269591842
HSPA12A,0.269531573
OAT,0.269506223
DAB2IP,0.269506223
ST14,0.269498044
BCO1,0.269498044
DPP9,0.269498044
ITGAM,0.269498044
NR2F1,0.269448959
FOXRED1,0.269448959
APRT,0.269412912
RASGRP1,0.269412912
DCBLD2,0.269412912
SLC23A2,0.269412912
CRABP1,0.269392097
MLF1,0.269365474
RECK,0.269312789
HHEX,0.269230783
F7,0.269208441
LDB3,0.269208441
BBS5,0.269208441
NTRK2,0.269208441
RPS26,0.269208441
SLC30A8,0.269208441
LIG1,0.269208441
ADM,0.269139208
CREB1,0.269129637
PSMB8,0.269025287
HABP2,0.269025287
AITD4,0.269025287
ABCG2,0.268857303
ITIH3,0.268857303
KCND3,0.26872923
GNAT2,0.26869593
MYL3,0.26869593
PLOD2,0.26869593
GOT1,0.26869593
LRRK2,0.268685551
GABRA1,0.268685551
LMX1A,0.268685551
PLCB1,0.268659492
SLC22A12,0.268585926
GHSR,0.268585926
C1QA,0.268585926
MRPS22,0.268584969
SQSTM1,0.268528704
MANBA,0.268528704
PTEN,0.268519227
GSK3A,0.268519227
DTX1,0.268519227
HP,0.268428161
ADRA2C,0.268428161
IL18,0.268401818
SMARCAL1,0.268336041
MIR185,0.268336041
CCR7,0.268336041
CSF2,0.268310242
DSG2,0.26829319
MATN3,0.268271904
RFX5,0.268271904
PNKP,0.268271904
MOCS2,0.268271904
CTXN3,0.268271904
HSF1,0.268271904
ARHGEF6,0.268271352
BICD2,0.268218667
AKR1B1,0.268131876
CCL7,0.268127091
FGF4,0.268127091
PTPN1,0.268081303
IL27,0.268081303
CD14,0.268040301
HYLS1,0.268040301
ATXN3,0.268040301
DOLK,0.268037908
HTRA2,0.267963885
CIZ1,0.267963885
SETD5,0.267963885
LBP,0.267948725
TAPT1,0.267948725
SAMD9L,0.267948725
NPPB,0.267948725
DOCK9,0.26794394
IFITM3,0.26794394
RFC2,0.26794394
TPH2,0.267926887
UGT2B17,0.267926887
SBF2,0.267900545
CLIP2,0.267857149
HMCN1,0.267857149
GOSR2,0.267857149
PURA,0.267852364
BCAR4,0.267852364
DYT13,0.267852364
CHI3L1,0.267852364
PHEX,0.267835312
CCL22,0.267835312
GABRG3,0.267835312
NOS2,0.267765574
ETS2,0.267760789
XPNPEP2,0.267760789
AMPD2,0.267718895
GCG,0.267718895
KAT6B,0.267718895
RBM3,0.267669213
MIR30C1,0.267652161
KCNE3,0.267582423
TCF3,0.26758003
FAM92B,0.26758003
TCP1,0.267560585
SIL1,0.267490847
FOXM1,0.267490847
DAB1,0.267490847
GTF2IRD1,0.267442667
MED25,0.267429797
CSF2RB,0.267429797
CLU,0.267399271
LGALS2,0.267399271
CRYBA1,0.267307696
SIRT6,0.26721612
SLC6A9,0.26721612
PALLD,0.26721612
MTDH,0.26721612
SH2D1A,0.267124545
ACHE,0.267124545
CDKN2B,0.267124545
APEX1,0.267124545
PAPPA,0.267124545
ANKRD1,0.267124545
SREBF2,0.267124545
EIF4EBP1,0.267124545
MAPK3,0.267078757
HLA-DRA,0.267078757
DGCR6,0.267078757
OFCC1,0.267078757
IFITM5,0.267032969
GAS6,0.267032969
CALM3,0.267032969
AKR1A1,0.267032969
PARK16,0.267032969
CSNK1E,0.267032969
RELA,0.267032969
CALY,0.266995989
RP9,0.266959134
ELOVL4,0.266959134
ZNRD1,0.266959134
LTB4R,0.266959134
STRAP,0.266959134
ZBTB24,0.266959134
HTR2C,0.266941393
GPER1,0.266941393
ANGPT1,0.266941393
MMP12,0.266941393
PDLIM4,0.266941393
APPL1,0.266941393
GABRA4,0.266941393
TCF21,0.266849818
CR1,0.266849818
NPTN,0.266849818
ATP1B2,0.266849818
HLA-DPA1,0.266849818
TRA,0.266849818
MKRN3,0.266849818
JMJD1C,0.266849818
CD83,0.266849818
SDHAF3,0.266849818
CPNE3,0.266849818
WDR12,0.266849818
MIR29A,0.266849818
SLC6A12,0.266849818
IL10RB,0.266849818
FGFR3,0.266777141
SYN3,0.266777141
SIAE,0.266777141
PSORS6,0.266777141
SLC10A1,0.266777141
ATP5E,0.266777141
BPPV,0.266777141
BAG1,0.266758242
CACNA1S,0.266666667
ATR,0.266666667
PDE11A,0.266666667
MIR1202,0.266666088
SIRT7,0.266666088
NECAP1,0.266666088
GHR,0.266461481
CA8,0.266102462
CHCHD10,0.266102462
COX6A1,0.266102462
COLQ,0.266079175
RASGRP2,0.266079175
HDAC8,0.266079175
POLR1C,0.265812826
CLINT1,0.265812826
SEMA3D,0.265812826
FGF14,0.2657932
CRYBA4,0.26558081
TRMT2A,0.26558081
KRT19,0.26558081
IHG1,0.26558081
VIP,0.265318655
GLYS1,0.265318655
MYH6,0.265301403
IL1RN,0.265245979
THOC2,0.265245979
PSEN1,0.265203362
PMS2,0.265203362
PNPLA3,0.265203362
GRM7,0.265203362
LAMP3,0.265203362
PRIMA1,0.265203362
MMVP2,0.265203362
HSPA6,0.265203362
HAL,0.264992473
TRIOBP,0.264992473
PDZK1,0.264992473
HELLPAR,0.264992473
EIF2B1,0.264900051
CACNA1G,0.264900051
RYK,0.264900051
GRK5,0.264900051
HCLS1,0.264900051
YJEFN3,0.264900051
TAGLN3,0.264900051
PROM1,0.264855201
TG,0.264855201
HCVS,0.264855201
LGALSL,0.264855201
IFNLR1,0.26440044
FECH,0.264244844
SALL3,0.264244844
FAR1,0.264094713
NELL1,0.264094713
PITX2,0.264091994
CCL2,0.264091994
TP63,0.264080327
LIPH,0.264080327
MLH1,0.263912921
RNASEL,0.263589201
PLXNA2,0.263589201
SETX,0.263562907
CDH1,0.263428522
IKBKE,0.263428522
MPZ,0.263363171
ASPA,0.263363171
AVPR1A,0.263363171
PRKCE,0.263363171
CERS3,0.263363171
SPOCK1,0.263363171
TGFB3,0.26332202
BABAM1,0.26332202
IKBKG,0.263301359
SAR1B,0.263301359
MSMB,0.263281846
BST1,0.263281846
TIMP4,0.263281846
FOSL2,0.263281846
KIF7,0.263210879
CDKN1B,0.263195576
STAB1,0.263195576
ROBO2,0.26318551
MAMLD1,0.26318551
MFSD8,0.263162925
KLHL40,0.263162925
MGME1,0.263000267
BARD1,0.263000267
CHEK1,0.263000267
PDE6B,0.262912463
GABRG1,0.262912463
PSD3,0.262912463
ARHGEF12,0.262912463
AGBL1,0.262912463
ACTC1,0.262822134
TMIE,0.262822134
EIF6,0.262723536
ATP6V0A4,0.262588143
IGKC,0.262584686
PI4KA,0.262584686
RPE65,0.262515622
SLC25A13,0.262515622
ITM2B,0.262515622
ITGA7,0.262515622
BAP1,0.262515622
ACSF3,0.262515622
ARID1A,0.262515622
IMPAD1,0.262515622
TCTN1,0.262515622
TUBA8,0.262515622
NIPAL4,0.262515622
MYO3A,0.262515622
IBD3,0.262515622
ZBED1,0.262515622
CFAP53,0.262515622
EEF1A2,0.262515622
KIF3A,0.262515622
DAXX,0.262515622
HIP1R,0.262515622
GAR1,0.262515622
SPD3,0.262515622
LHX1,0.262515622
AQP1,0.262515622
NUTM2E,0.262515622
HMGB3,0.262515622
AMFR,0.262515622
PCSK1N,0.262515622
AIP,0.262337254
CXCL2,0.262337254
PLG,0.262319272
KIF1A,0.262319272
ATXN1L,0.262319272
FZD6,0.262293184
EEF1B2,0.262293184
NPHP4,0.262178161
SYNE1,0.262178161
MTNR1A,0.262145204
SPG34,0.262092871
ADCY5,0.262092871
FBLN1,0.262092871
LAMB3,0.262055068
SCN4A,0.261984842
IRAK4,0.261984842
ARNTL,0.261984842
ITGAL,0.261934095
LGALS7,0.261934095
PDE6H,0.261934095
CCDC103,0.261934095
SLC2A3,0.261934095
HP1BP3,0.261934095
FGFRL1,0.261934095
TNFRSF9,0.261934095
TBX15,0.261824227
RTKN2,0.261824227
GRB10,0.261824227
TGFBI,0.261311253
PKD1,0.261311253
C12orf57,0.261311253
PRSS3,0.261311253
C4BPA,0.261311253
ARAF,0.261311253
ASS1,0.261150142
TSNAX-DISC1,0.260820592
RANBP9,0.260820592
PSMB1,0.260820592
B3GALT6,0.260672845
SLC19A1,0.260616341
ACKR3,0.260616341
NAV1,0.260616341
MALT1,0.2604432
PHF11,0.2604432
CLCNKB,0.260340317
SNRNP200,0.260309068
CLPTM1L,0.260309068
COL4A4,0.260277211
PLCXD3,0.260277211
PHGDH,0.260272635
CTH,0.260206045
CSF1R,0.260192309
IGFBP7,0.260192309
MSH6,0.259997909
LRRTM1,0.259877351
PAXIP1,0.259877351
GRK6,0.259877351
GPS1,0.259877351
CHRNA3,0.259792907
JAZF1,0.259792907
TLR9,0.259792907
TAB2,0.259792907
IVD,0.259731087
ARL2BP,0.259615833
PLCE1,0.259615833
PECAM1,0.259615833
MIR195,0.259615833
NOTCH3,0.259382188
LRBA,0.259382188
GUSB,0.259146757
PROKR2,0.259146757
SMC3,0.259146757
TMEFF2,0.259146757
HSCR7,0.259146757
MYO6,0.258711359
NODAL,0.258711359
RBP4,0.258711359
FAM109A,0.258711359
SERPINF2,0.258669376
GTF2H5,0.258558083
MIR17,0.258558083
MTHFR,0.258539238
GUCY1A3,0.258539238
SPI1,0.258539238
TUB,0.258539238
DYX3,0.258539238
SLC39A13,0.258437998
TBC1D20,0.258292364
IFI27,0.258292364
IL11,0.258292364
NME7,0.258292364
GNG11,0.258292364
INSR,0.258289424
GINGF2,0.258289424
ZNRF3,0.258289424
MSRB3,0.258273255
SLC39A6,0.258273255
SLC39A1,0.258273255
HOXD10,0.258163271
MATR3,0.257904243
TEK,0.25788674
TRH,0.25788674
PTPRQ,0.25788674
CLDN11,0.25788674
GRB14,0.25788674
LUM,0.25788674
DYT15,0.25788674
IVL,0.257821751
APLP2,0.257821751
SLC9A8,0.257821751
NR0B2,0.257810663
TNFRSF19,0.257739499
NNO1,0.257739499
OPLAH,0.257731025
MYO7A,0.257678272
GNB3,0.257678272
KIF5B,0.257678272
ZNF366,0.257613817
IGH,0.257613817
GCDH,0.257219685
GIGYF2,0.257219685
HOXA2,0.257213166
PTRH2,0.257213166
BHLHA9,0.257213166
NDUFA1,0.257213166
AMBN,0.257213166
ACACA,0.257213166
DNAJC13,0.257213166
C3orf58,0.257213166
TES,0.257213166
MMDK,0.257213166
HSPB6,0.257213166
SERPINB7,0.257213166
RRM2,0.257213166
IPO11,0.257213166
CMTDIA,0.257213166
HPCAL1,0.257213166
HOXD4,0.257213166
RBMX,0.257213166
EMSY,0.257205287
KTN1,0.257205287
KCTD1,0.257193634
VAV3,0.257050659
ATF4,0.256939601
HIF1A,0.256879126
CKAP2L,0.256879126
REN,0.256852717
SMOC1,0.256852717
RBFOX2,0.256852717
RNF207,0.256702444
DIS3L2,0.256691133
CAD,0.256691133
PRL,0.256691133
MDGA1,0.256691133
C9orf3,0.256691133
PSS,0.256691133
DYT7,0.256691133
EDN3,0.256637003
JAK3,0.256624195
DLG3,0.256624195
AD8,0.256624195
TNPO3,0.256604399
KCNQ1OT1,0.256597758
IL17F,0.256597758
EFNB1,0.256477261
ZIC2,0.256477261
COPA,0.256477261
CTNNA1,0.256477261
PAEP,0.256477261
1-Dec,0.256477261
AQP9,0.256477261
WWC1,0.256477261
GDF2,0.256477261
SOS2,0.256477261
YIPF3,0.256477261
TMEM59L,0.256477261
ABCA5,0.256477261
ARID1B,0.256384617
FAM20C,0.2562352
MMAB,0.2562352
BANF1,0.2562352
MASTL,0.2562352
IL6ST,0.2562352
FGF7,0.2562352
NKAIN2,0.2562352
IRF3,0.2562352
MPEG1,0.2562352
RNASEH2A,0.25621153
EPHX1,0.25621153
PI4K2B,0.25621153
GLI3,0.256167484
IGFALS,0.256167484
ALDOB,0.255927975
MYH14,0.255687218
KCNS3,0.255687218
ME1,0.255687218
SGCB,0.25546402
CRLF1,0.25546402
AQP2,0.255266916
PDP1,0.255266916
RAB40AL,0.255266916
CD33,0.255266916
CCR6,0.255266916
PTPRD,0.255266916
ATP6V1B1,0.254986907
STX1A,0.254986907
GPNMB,0.254986907
SEMA3A,0.254986907
PIGM,0.254899672
RMND1,0.254899672
ADAMTS10,0.254793758
ANGPTL4,0.254793758
GUCA1B,0.254775194
HTR3B,0.254775194
NR1H2,0.254775194
HSN1B,0.254602988
ALDH6A1,0.254416145
NDUFS6,0.254416145
MDD1,0.254416145
ACADM,0.254410847
SIRT2,0.254410847
FANCE,0.25437119
AGRP,0.25437119
SLC6A2,0.254369922
MYLK2,0.254369922
NR0B1,0.254342973
LIPI,0.254342973
HOMER2,0.254342973
GSTM4,0.254328261
ANXA2,0.254256243
CYP11B2,0.254219597
DLG5,0.254219597
CDKN2B-AS1,0.254219597
DNAH5,0.254211375
MSX1,0.254211375
P3H1,0.254211375
OXT,0.254211375
NKAPL,0.254211375
HEY2,0.254211375
GPR179,0.254211375
PCDH17,0.254211375
RAPGEF5,0.254211375
ANCR,0.254211375
IL9,0.254211375
ALS5,0.254211375
SYNJ1,0.253835408
KIF21A,0.253698456
PDE8B,0.253698456
GP6,0.253698456
CARD9,0.253683194
EEF2,0.253683194
TPPP,0.253683194
TDRD7,0.253669111
TSG101,0.253669111
CYP2B6,0.253535103
GLUD1,0.253520519
SLC5A1,0.253246527
NCSTN,0.253246527
MCHR1,0.253246527
RELN,0.253099688
HSD17B10,0.253099688
DNAJB6,0.253099688
CDON,0.253099688
MDM2,0.253099688
SPG24,0.253099688
TNFSF14,0.252938423
GABARAP,0.252938423
EXOSC8,0.252938423
GUCY2D,0.252824334
CD99,0.252824334
VPS35,0.252736501
KCNJ5,0.25265367
CUL5,0.25265367
GPR78,0.252537634
GAS2L1,0.2524885
RNASEH2C,0.252468952
SHMT1,0.252298833
GCSH,0.252286043
PMVK,0.252250118
TNFSF11,0.252199889
GRIN2A,0.252199889
UFSP2,0.252199889
AMCN,0.252199889
CD28,0.252011876
POLK,0.252011876
CA5A,0.251958817
GMPR,0.251958817
NPHP1,0.251949239
SELP,0.251919499
GMIP,0.251919499
MICB,0.251919499
TSPYL1,0.251841868
BRD4,0.251841868
POLG2,0.251778546
CYR61,0.251752968
GPHN,0.251716738
DDAH1,0.251716738
IL16,0.251572501
SNAI2,0.251550633
ISPD,0.251550633
C2,0.251550633
FREM3,0.251550633
RDX,0.251550633
POMGNT2,0.251550633
LRTOMT,0.251396351
TMEM2,0.251396351
S100A4,0.251373634
CAMK4,0.251370045
TULP1,0.251331104
KRT8,0.251301363
UMOD,0.251260709
KCNJ13,0.251260709
GBA,0.251260709
NOTCH2,0.251260709
UTS2,0.251260709
MIR224,0.251260709
TTN,0.251133248
PDE7B,0.251102467
CTSS,0.251102467
EIF4A2,0.251102467
IL6R,0.251098907
FZD3,0.251030225
CHMP1B,0.251026637
IL1R2,0.250989071
NPAS2,0.250945166
HCAR3,0.250945166
BECN1,0.250892862
ADAM33,0.250889273
SPP1,0.250755499
CTNNA3,0.250686817
NTHL1,0.250683228
GIT1,0.250618135
RPL15,0.250618135
NAGLU,0.250549454
RASSF5,0.250480772
NUP155,0.250480772
SCZD13,0.250480772
TMEM216,0.250430191
BBC3,0.250430191
AD5,0.250430191
PREPL,0.2504138
DRC1,0.2504138
CDK1,0.2504138
CDH7,0.2504138
CCNB3,0.2504138
RIPK2,0.2504138
IFNA1,0.25041209
NCF4,0.25041209
CACNG2,0.25041209
F2R,0.25041209
GRIK4,0.250343408
SLC24A5,0.250313031
MUC5B,0.250299318
INSIG2,0.250299318
ITS,0.250299318
ALDH3B1,0.250274727
SFRP2,0.250274727
CRHBP,0.250206045
CCND2,0.250206045
MCTP2,0.250206045
UCP3,0.25009052
EBM,0.25009052
MEF2C,0.250087756
HNMT,0.250087756
DOCK6,0.250068682
MC1R,0.250034341
ATM,0.250011764
ANO3,0.250011764
PRKACG,0.250011764
PFKFB3,0.250011764
